{"__meta":{"schema_version":3,"schema_name":"GBMModelV3","schema_type":"GBMModel"},"model_id":{"__meta":{"schema_version":3,"schema_name":"ModelKeyV3","schema_type":"Key<Model>"},"name":"H2O_model","type":"Key<Model>","URL":"/3/Models/H2O_model"},"algo":"gbm","algo_full_name":"Gradient Boosting Machine","response_column_name":"PCT_RET_FINAL","data_frame":{"__meta":{"schema_version":3,"schema_name":"FrameKeyV3","schema_type":"Key<Frame>"},"name":"Key_Frame__upload_bd91d9e8c350aba4cec3860c86ab4997.hex","type":"Key<Frame>","URL":"/3/Frames/Key_Frame__upload_bd91d9e8c350aba4cec3860c86ab4997.hex"},"timestamp":1630419624630,"have_pojo":true,"have_mojo":true,"algo":"gbm","algo_full_name":"Gradient Boosting Machine","model_id":{"__meta":{"schema_version":3,"schema_name":"ModelKeyV3","schema_type":"Key<Model>"},"name":"H2O_model","type":"Key<Model>","URL":"/3/Models/H2O_model"},"parameters":[{"__meta":{"schema_version":3,"schema_name":"ModelParameterSchemaV3","schema_type":"Iced"},"name":"model_id","label":"model_id","help":"Destination id for this model; auto-generated if not specified.","required":false,"type":"Key<Model>","default_value":null,"actual_value":{"__meta":{"schema_version":3,"schema_name":"ModelKeyV3","schema_type":"Key<Model>"},"name":"H2O_model","type":"Key<Model>","URL":"/3/Models/H2O_model"},"input_value":null,"level":"critical","values":[],"is_member_of_frames":[],"is_mutually_exclusive_with":[],"gridable":false},{"__meta":{"schema_version":3,"schema_name":"ModelParameterSchemaV3","schema_type":"Iced"},"name":"training_frame","label":"training_frame","help":"Id of the training data frame.","required":false,"type":"Key<Frame>","default_value":null,"actual_value":{"__meta":{"schema_version":3,"schema_name":"FrameKeyV3","schema_type":"Key<Frame>"},"name":"Key_Frame__upload_bd91d9e8c350aba4cec3860c86ab4997.hex","type":"Key<Frame>","URL":"/3/Frames/Key_Frame__upload_bd91d9e8c350aba4cec3860c86ab4997.hex"},"input_value":{"__meta":{"schema_version":3,"schema_name":"FrameKeyV3","schema_type":"Key<Frame>"},"name":"Key_Frame__upload_bd91d9e8c350aba4cec3860c86ab4997.hex","type":"Key<Frame>","URL":"/3/Frames/Key_Frame__upload_bd91d9e8c350aba4cec3860c86ab4997.hex"},"level":"critical","values":[],"is_member_of_frames":[],"is_mutually_exclusive_with":[],"gridable":false},{"__meta":{"schema_version":3,"schema_name":"ModelParameterSchemaV3","schema_type":"Iced"},"name":"validation_frame","label":"validation_frame","help":"Id of the validation data frame.","required":false,"type":"Key<Frame>","default_value":null,"actual_value":{"__meta":{"schema_version":3,"schema_name":"FrameKeyV3","schema_type":"Key<Frame>"},"name":"Key_Frame__upload_8783cde2774cbd06b211eeb13eef4e43.hex","type":"Key<Frame>","URL":"/3/Frames/Key_Frame__upload_8783cde2774cbd06b211eeb13eef4e43.hex"},"input_value":{"__meta":{"schema_version":3,"schema_name":"FrameKeyV3","schema_type":"Key<Frame>"},"name":"Key_Frame__upload_8783cde2774cbd06b211eeb13eef4e43.hex","type":"Key<Frame>","URL":"/3/Frames/Key_Frame__upload_8783cde2774cbd06b211eeb13eef4e43.hex"},"level":"critical","values":[],"is_member_of_frames":[],"is_mutually_exclusive_with":[],"gridable":true},{"__meta":{"schema_version":3,"schema_name":"ModelParameterSchemaV3","schema_type":"Iced"},"name":"nfolds","label":"nfolds","help":"Number of folds for K-fold cross-validation (0 to disable or >= 2).","required":false,"type":"int","default_value":0,"actual_value":0,"input_value":0,"level":"critical","values":[],"is_member_of_frames":[],"is_mutually_exclusive_with":[],"gridable":false},{"__meta":{"schema_version":3,"schema_name":"ModelParameterSchemaV3","schema_type":"Iced"},"name":"keep_cross_validation_models","label":"keep_cross_validation_models","help":"Whether to keep the cross-validation models.","required":false,"type":"boolean","default_value":true,"actual_value":true,"input_value":true,"level":"expert","values":[],"is_member_of_frames":[],"is_mutually_exclusive_with":[],"gridable":false},{"__meta":{"schema_version":3,"schema_name":"ModelParameterSchemaV3","schema_type":"Iced"},"name":"keep_cross_validation_predictions","label":"keep_cross_validation_predictions","help":"Whether to keep the predictions of the cross-validation models.","required":false,"type":"boolean","default_value":false,"actual_value":false,"input_value":false,"level":"expert","values":[],"is_member_of_frames":[],"is_mutually_exclusive_with":[],"gridable":false},{"__meta":{"schema_version":3,"schema_name":"ModelParameterSchemaV3","schema_type":"Iced"},"name":"keep_cross_validation_fold_assignment","label":"keep_cross_validation_fold_assignment","help":"Whether to keep the cross-validation fold assignment.","required":false,"type":"boolean","default_value":false,"actual_value":false,"input_value":false,"level":"expert","values":[],"is_member_of_frames":[],"is_mutually_exclusive_with":[],"gridable":false},{"__meta":{"schema_version":3,"schema_name":"ModelParameterSchemaV3","schema_type":"Iced"},"name":"score_each_iteration","label":"score_each_iteration","help":"Whether to score during each iteration of model training.","required":false,"type":"boolean","default_value":false,"actual_value":false,"input_value":false,"level":"secondary","values":[],"is_member_of_frames":[],"is_mutually_exclusive_with":[],"gridable":false},{"__meta":{"schema_version":3,"schema_name":"ModelParameterSchemaV3","schema_type":"Iced"},"name":"score_tree_interval","label":"score_tree_interval","help":"Score the model after every so many trees. Disabled if set to 0.","required":false,"type":"int","default_value":0,"actual_value":0,"input_value":0,"level":"secondary","values":[],"is_member_of_frames":[],"is_mutually_exclusive_with":[],"gridable":false},{"__meta":{"schema_version":3,"schema_name":"ModelParameterSchemaV3","schema_type":"Iced"},"name":"fold_assignment","label":"fold_assignment","help":"Cross-validation fold assignment scheme, if fold_column is not specified. The 'Stratified' option will stratify the folds based on the response variable, for classification problems.","required":false,"type":"enum","default_value":"AUTO","actual_value":null,"input_value":"AUTO","level":"secondary","values":["AUTO","Random","Modulo","Stratified"],"is_member_of_frames":[],"is_mutually_exclusive_with":[],"gridable":true},{"__meta":{"schema_version":3,"schema_name":"ModelParameterSchemaV3","schema_type":"Iced"},"name":"fold_column","label":"fold_column","help":"Column with cross-validation fold index assignment per observation.","required":false,"type":"VecSpecifier","default_value":null,"actual_value":null,"input_value":null,"level":"secondary","values":[],"is_member_of_frames":["training_frame"],"is_mutually_exclusive_with":["response_column","weights_column","ignored_columns","offset_column"],"gridable":true},{"__meta":{"schema_version":3,"schema_name":"ModelParameterSchemaV3","schema_type":"Iced"},"name":"response_column","label":"response_column","help":"Response variable column.","required":false,"type":"VecSpecifier","default_value":null,"actual_value":{"__meta":{"schema_version":3,"schema_name":"ColSpecifierV3","schema_type":"VecSpecifier"},"column_name":"PCT_RET_FINAL","is_member_of_frames":null},"input_value":{"__meta":{"schema_version":3,"schema_name":"ColSpecifierV3","schema_type":"VecSpecifier"},"column_name":"PCT_RET_FINAL","is_member_of_frames":null},"level":"critical","values":[],"is_member_of_frames":["training_frame","validation_frame"],"is_mutually_exclusive_with":["weights_column","ignored_columns","offset_column","fold_column"],"gridable":true},{"__meta":{"schema_version":3,"schema_name":"ModelParameterSchemaV3","schema_type":"Iced"},"name":"ignored_columns","label":"ignored_columns","help":"Names of columns to ignore for training.","required":false,"type":"string[]","default_value":null,"actual_value":null,"input_value":null,"level":"critical","values":[],"is_member_of_frames":["training_frame","validation_frame"],"is_mutually_exclusive_with":["response_column","weights_column","offset_column","fold_column"],"gridable":false},{"__meta":{"schema_version":3,"schema_name":"ModelParameterSchemaV3","schema_type":"Iced"},"name":"ignore_const_cols","label":"ignore_const_cols","help":"Ignore constant columns.","required":false,"type":"boolean","default_value":true,"actual_value":true,"input_value":true,"level":"critical","values":[],"is_member_of_frames":[],"is_mutually_exclusive_with":[],"gridable":false},{"__meta":{"schema_version":3,"schema_name":"ModelParameterSchemaV3","schema_type":"Iced"},"name":"offset_column","label":"offset_column","help":"Offset column. This will be added to the combination of columns before applying the link function.","required":false,"type":"VecSpecifier","default_value":null,"actual_value":null,"input_value":null,"level":"secondary","values":[],"is_member_of_frames":["training_frame","validation_frame"],"is_mutually_exclusive_with":["response_column","weights_column","ignored_columns","fold_column"],"gridable":true},{"__meta":{"schema_version":3,"schema_name":"ModelParameterSchemaV3","schema_type":"Iced"},"name":"weights_column","label":"weights_column","help":"Column with observation weights. Giving some observation a weight of zero is equivalent to excluding it from the dataset; giving an observation a relative weight of 2 is equivalent to repeating that row twice. Negative weights are not allowed. Note: Weights are per-row observation weights and do not increase the size of the data frame. This is typically the number of times a row is repeated, but non-integer values are supported as well. During training, rows with higher weights matter more, due to the larger loss function pre-factor.","required":false,"type":"VecSpecifier","default_value":null,"actual_value":null,"input_value":null,"level":"secondary","values":[],"is_member_of_frames":["training_frame","validation_frame"],"is_mutually_exclusive_with":["response_column","ignored_columns","offset_column","fold_column"],"gridable":true},{"__meta":{"schema_version":3,"schema_name":"ModelParameterSchemaV3","schema_type":"Iced"},"name":"balance_classes","label":"balance_classes","help":"Balance training data class counts via over/under-sampling (for imbalanced data).","required":false,"type":"boolean","default_value":false,"actual_value":false,"input_value":false,"level":"secondary","values":[],"is_member_of_frames":[],"is_mutually_exclusive_with":[],"gridable":true},{"__meta":{"schema_version":3,"schema_name":"ModelParameterSchemaV3","schema_type":"Iced"},"name":"class_sampling_factors","label":"class_sampling_factors","help":"Desired over/under-sampling ratios per class (in lexicographic order). If not specified, sampling factors will be automatically computed to obtain class balance during training. Requires balance_classes.","required":false,"type":"float[]","default_value":null,"actual_value":null,"input_value":null,"level":"expert","values":[],"is_member_of_frames":[],"is_mutually_exclusive_with":[],"gridable":true},{"__meta":{"schema_version":3,"schema_name":"ModelParameterSchemaV3","schema_type":"Iced"},"name":"max_after_balance_size","label":"max_after_balance_size","help":"Maximum relative size of the training data after balancing class counts (can be less than 1.0). Requires balance_classes.","required":false,"type":"float","default_value":5.0,"actual_value":5.0,"input_value":5.0,"level":"expert","values":[],"is_member_of_frames":[],"is_mutually_exclusive_with":[],"gridable":true},{"__meta":{"schema_version":3,"schema_name":"ModelParameterSchemaV3","schema_type":"Iced"},"name":"max_confusion_matrix_size","label":"max_confusion_matrix_size","help":"[Deprecated] Maximum size (# classes) for confusion matrices to be printed in the Logs","required":false,"type":"int","default_value":20,"actual_value":20,"input_value":20,"level":"secondary","values":[],"is_member_of_frames":[],"is_mutually_exclusive_with":[],"gridable":false},{"__meta":{"schema_version":3,"schema_name":"ModelParameterSchemaV3","schema_type":"Iced"},"name":"ntrees","label":"ntrees","help":"Number of trees.","required":false,"type":"int","default_value":50,"actual_value":50,"input_value":50,"level":"critical","values":[],"is_member_of_frames":[],"is_mutually_exclusive_with":[],"gridable":true},{"__meta":{"schema_version":3,"schema_name":"ModelParameterSchemaV3","schema_type":"Iced"},"name":"max_depth","label":"max_depth","help":"Maximum tree depth (0 for unlimited).","required":false,"type":"int","default_value":5,"actual_value":5,"input_value":5,"level":"critical","values":[],"is_member_of_frames":[],"is_mutually_exclusive_with":[],"gridable":true},{"__meta":{"schema_version":3,"schema_name":"ModelParameterSchemaV3","schema_type":"Iced"},"name":"min_rows","label":"min_rows","help":"Fewest allowed (weighted) observations in a leaf.","required":false,"type":"double","default_value":10.0,"actual_value":10.0,"input_value":10.0,"level":"critical","values":[],"is_member_of_frames":[],"is_mutually_exclusive_with":[],"gridable":true},{"__meta":{"schema_version":3,"schema_name":"ModelParameterSchemaV3","schema_type":"Iced"},"name":"nbins","label":"nbins","help":"For numerical columns (real/int), build a histogram of (at least) this many bins, then split at the best point","required":false,"type":"int","default_value":20,"actual_value":20,"input_value":20,"level":"critical","values":[],"is_member_of_frames":[],"is_mutually_exclusive_with":[],"gridable":true},{"__meta":{"schema_version":3,"schema_name":"ModelParameterSchemaV3","schema_type":"Iced"},"name":"nbins_top_level","label":"nbins_top_level","help":"For numerical columns (real/int), build a histogram of (at most) this many bins at the root level, then decrease by factor of two per level","required":false,"type":"int","default_value":1024,"actual_value":1024,"input_value":1024,"level":"secondary","values":[],"is_member_of_frames":[],"is_mutually_exclusive_with":[],"gridable":true},{"__meta":{"schema_version":3,"schema_name":"ModelParameterSchemaV3","schema_type":"Iced"},"name":"nbins_cats","label":"nbins_cats","help":"For categorical columns (factors), build a histogram of this many bins, then split at the best point. Higher values can lead to more overfitting.","required":false,"type":"int","default_value":1024,"actual_value":1024,"input_value":1024,"level":"secondary","values":[],"is_member_of_frames":[],"is_mutually_exclusive_with":[],"gridable":true},{"__meta":{"schema_version":3,"schema_name":"ModelParameterSchemaV3","schema_type":"Iced"},"name":"r2_stopping","label":"r2_stopping","help":"r2_stopping is no longer supported and will be ignored if set - please use stopping_rounds, stopping_metric and stopping_tolerance instead. Previous version of H2O would stop making trees when the R^2 metric equals or exceeds this","required":false,"type":"double","default_value":1.7976931348623157E308,"actual_value":1.7976931348623157E308,"input_value":1.7976931348623157E308,"level":"secondary","values":[],"is_member_of_frames":[],"is_mutually_exclusive_with":[],"gridable":true},{"__meta":{"schema_version":3,"schema_name":"ModelParameterSchemaV3","schema_type":"Iced"},"name":"stopping_rounds","label":"stopping_rounds","help":"Early stopping based on convergence of stopping_metric. Stop if simple moving average of length k of the stopping_metric does not improve for k:=stopping_rounds scoring events (0 to disable)","required":false,"type":"int","default_value":0,"actual_value":0,"input_value":0,"level":"secondary","values":[],"is_member_of_frames":[],"is_mutually_exclusive_with":[],"gridable":true},{"__meta":{"schema_version":3,"schema_name":"ModelParameterSchemaV3","schema_type":"Iced"},"name":"stopping_metric","label":"stopping_metric","help":"Metric to use for early stopping (AUTO: logloss for classification, deviance for regression and anonomaly_score for Isolation Forest). Note that custom and custom_increasing can only be used in GBM and DRF with the Python client.","required":false,"type":"enum","default_value":"AUTO","actual_value":null,"input_value":"AUTO","level":"secondary","values":["AUTO","deviance","logloss","MSE","RMSE","MAE","RMSLE","AUC","AUCPR","lift_top_group","misclassification","mean_per_class_error","anomaly_score","custom","custom_increasing"],"is_member_of_frames":[],"is_mutually_exclusive_with":[],"gridable":true},{"__meta":{"schema_version":3,"schema_name":"ModelParameterSchemaV3","schema_type":"Iced"},"name":"stopping_tolerance","label":"stopping_tolerance","help":"Relative tolerance for metric-based stopping criterion (stop if relative improvement is not at least this much)","required":false,"type":"double","default_value":0.001,"actual_value":0.001,"input_value":0.001,"level":"secondary","values":[],"is_member_of_frames":[],"is_mutually_exclusive_with":[],"gridable":true},{"__meta":{"schema_version":3,"schema_name":"ModelParameterSchemaV3","schema_type":"Iced"},"name":"max_runtime_secs","label":"max_runtime_secs","help":"Maximum allowed runtime in seconds for model training. Use 0 to disable.","required":false,"type":"double","default_value":0.0,"actual_value":0.0,"input_value":0.0,"level":"secondary","values":[],"is_member_of_frames":[],"is_mutually_exclusive_with":[],"gridable":true},{"__meta":{"schema_version":3,"schema_name":"ModelParameterSchemaV3","schema_type":"Iced"},"name":"seed","label":"seed","help":"Seed for pseudo random number generator (if applicable)","required":false,"type":"long","default_value":-1,"actual_value":42,"input_value":42,"level":"critical","values":[],"is_member_of_frames":[],"is_mutually_exclusive_with":[],"gridable":true},{"__meta":{"schema_version":3,"schema_name":"ModelParameterSchemaV3","schema_type":"Iced"},"name":"build_tree_one_node","label":"build_tree_one_node","help":"Run on one node only; no network overhead but fewer cpus used. Suitable for small datasets.","required":false,"type":"boolean","default_value":false,"actual_value":false,"input_value":false,"level":"expert","values":[],"is_member_of_frames":[],"is_mutually_exclusive_with":[],"gridable":false},{"__meta":{"schema_version":3,"schema_name":"ModelParameterSchemaV3","schema_type":"Iced"},"name":"learn_rate","label":"learn_rate","help":"Learning rate (from 0.0 to 1.0)","required":false,"type":"double","default_value":0.1,"actual_value":0.1,"input_value":0.1,"level":"critical","values":[],"is_member_of_frames":[],"is_mutually_exclusive_with":[],"gridable":true},{"__meta":{"schema_version":3,"schema_name":"ModelParameterSchemaV3","schema_type":"Iced"},"name":"learn_rate_annealing","label":"learn_rate_annealing","help":"Scale the learning rate by this factor after each tree (e.g., 0.99 or 0.999) ","required":false,"type":"double","default_value":1.0,"actual_value":1.0,"input_value":1.0,"level":"secondary","values":[],"is_member_of_frames":[],"is_mutually_exclusive_with":[],"gridable":true},{"__meta":{"schema_version":3,"schema_name":"ModelParameterSchemaV3","schema_type":"Iced"},"name":"distribution","label":"distribution","help":"Distribution function","required":false,"type":"enum","default_value":"AUTO","actual_value":"gaussian","input_value":"AUTO","level":"secondary","values":["AUTO","bernoulli","quasibinomial","ordinal","multinomial","gaussian","poisson","gamma","tweedie","laplace","quantile","huber","custom"],"is_member_of_frames":[],"is_mutually_exclusive_with":[],"gridable":true},{"__meta":{"schema_version":3,"schema_name":"ModelParameterSchemaV3","schema_type":"Iced"},"name":"quantile_alpha","label":"quantile_alpha","help":"Desired quantile for Quantile regression, must be between 0 and 1.","required":false,"type":"double","default_value":0.5,"actual_value":0.5,"input_value":0.5,"level":"secondary","values":[],"is_member_of_frames":[],"is_mutually_exclusive_with":[],"gridable":true},{"__meta":{"schema_version":3,"schema_name":"ModelParameterSchemaV3","schema_type":"Iced"},"name":"tweedie_power","label":"tweedie_power","help":"Tweedie power for Tweedie regression, must be between 1 and 2.","required":false,"type":"double","default_value":1.5,"actual_value":1.5,"input_value":1.5,"level":"secondary","values":[],"is_member_of_frames":[],"is_mutually_exclusive_with":[],"gridable":true},{"__meta":{"schema_version":3,"schema_name":"ModelParameterSchemaV3","schema_type":"Iced"},"name":"huber_alpha","label":"huber_alpha","help":"Desired quantile for Huber/M-regression (threshold between quadratic and linear loss, must be between 0 and 1).","required":false,"type":"double","default_value":0.9,"actual_value":0.9,"input_value":0.9,"level":"secondary","values":[],"is_member_of_frames":[],"is_mutually_exclusive_with":[],"gridable":true},{"__meta":{"schema_version":3,"schema_name":"ModelParameterSchemaV3","schema_type":"Iced"},"name":"checkpoint","label":"checkpoint","help":"Model checkpoint to resume training with.","required":false,"type":"Key<Model>","default_value":null,"actual_value":null,"input_value":null,"level":"secondary","values":[],"is_member_of_frames":[],"is_mutually_exclusive_with":[],"gridable":false},{"__meta":{"schema_version":3,"schema_name":"ModelParameterSchemaV3","schema_type":"Iced"},"name":"sample_rate","label":"sample_rate","help":"Row sample rate per tree (from 0.0 to 1.0)","required":false,"type":"double","default_value":1.0,"actual_value":1.0,"input_value":1.0,"level":"critical","values":[],"is_member_of_frames":[],"is_mutually_exclusive_with":[],"gridable":true},{"__meta":{"schema_version":3,"schema_name":"ModelParameterSchemaV3","schema_type":"Iced"},"name":"sample_rate_per_class","label":"sample_rate_per_class","help":"A list of row sample rates per class (relative fraction for each class, from 0.0 to 1.0), for each tree","required":false,"type":"double[]","default_value":null,"actual_value":null,"input_value":null,"level":"expert","values":[],"is_member_of_frames":[],"is_mutually_exclusive_with":[],"gridable":true},{"__meta":{"schema_version":3,"schema_name":"ModelParameterSchemaV3","schema_type":"Iced"},"name":"col_sample_rate","label":"col_sample_rate","help":"Column sample rate (from 0.0 to 1.0)","required":false,"type":"double","default_value":1.0,"actual_value":1.0,"input_value":1.0,"level":"critical","values":[],"is_member_of_frames":[],"is_mutually_exclusive_with":[],"gridable":true},{"__meta":{"schema_version":3,"schema_name":"ModelParameterSchemaV3","schema_type":"Iced"},"name":"col_sample_rate_change_per_level","label":"col_sample_rate_change_per_level","help":"Relative change of the column sampling rate for every level (must be > 0.0 and <= 2.0)","required":false,"type":"double","default_value":1.0,"actual_value":1.0,"input_value":1.0,"level":"expert","values":[],"is_member_of_frames":[],"is_mutually_exclusive_with":[],"gridable":true},{"__meta":{"schema_version":3,"schema_name":"ModelParameterSchemaV3","schema_type":"Iced"},"name":"col_sample_rate_per_tree","label":"col_sample_rate_per_tree","help":"Column sample rate per tree (from 0.0 to 1.0)","required":false,"type":"double","default_value":1.0,"actual_value":1.0,"input_value":1.0,"level":"secondary","values":[],"is_member_of_frames":[],"is_mutually_exclusive_with":[],"gridable":true},{"__meta":{"schema_version":3,"schema_name":"ModelParameterSchemaV3","schema_type":"Iced"},"name":"min_split_improvement","label":"min_split_improvement","help":"Minimum relative improvement in squared error reduction for a split to happen","required":false,"type":"double","default_value":1.0E-5,"actual_value":1.0E-5,"input_value":1.0E-5,"level":"secondary","values":[],"is_member_of_frames":[],"is_mutually_exclusive_with":[],"gridable":true},{"__meta":{"schema_version":3,"schema_name":"ModelParameterSchemaV3","schema_type":"Iced"},"name":"histogram_type","label":"histogram_type","help":"What type of histogram to use for finding optimal split points","required":false,"type":"enum","default_value":"AUTO","actual_value":"UniformAdaptive","input_value":"AUTO","level":"secondary","values":["AUTO","UniformAdaptive","Random","QuantilesGlobal","RoundRobin"],"is_member_of_frames":[],"is_mutually_exclusive_with":[],"gridable":true},{"__meta":{"schema_version":3,"schema_name":"ModelParameterSchemaV3","schema_type":"Iced"},"name":"max_abs_leafnode_pred","label":"max_abs_leafnode_pred","help":"Maximum absolute value of a leaf node prediction","required":false,"type":"double","default_value":1.7976931348623157E308,"actual_value":1.7976931348623157E308,"input_value":1.7976931348623157E308,"level":"expert","values":[],"is_member_of_frames":[],"is_mutually_exclusive_with":[],"gridable":true},{"__meta":{"schema_version":3,"schema_name":"ModelParameterSchemaV3","schema_type":"Iced"},"name":"pred_noise_bandwidth","label":"pred_noise_bandwidth","help":"Bandwidth (sigma) of Gaussian multiplicative noise ~N(1,sigma) for tree node predictions","required":false,"type":"double","default_value":0.0,"actual_value":0.0,"input_value":0.0,"level":"expert","values":[],"is_member_of_frames":[],"is_mutually_exclusive_with":[],"gridable":true},{"__meta":{"schema_version":3,"schema_name":"ModelParameterSchemaV3","schema_type":"Iced"},"name":"categorical_encoding","label":"categorical_encoding","help":"Encoding scheme for categorical features","required":false,"type":"enum","default_value":"AUTO","actual_value":"Enum","input_value":"AUTO","level":"secondary","values":["AUTO","Enum","OneHotInternal","OneHotExplicit","Binary","Eigen","LabelEncoder","SortByResponse","EnumLimited"],"is_member_of_frames":[],"is_mutually_exclusive_with":[],"gridable":true},{"__meta":{"schema_version":3,"schema_name":"ModelParameterSchemaV3","schema_type":"Iced"},"name":"calibrate_model","label":"calibrate_model","help":"Use Platt Scaling to calculate calibrated class probabilities. Calibration can provide more accurate estimates of class probabilities.","required":false,"type":"boolean","default_value":false,"actual_value":false,"input_value":false,"level":"expert","values":[],"is_member_of_frames":[],"is_mutually_exclusive_with":[],"gridable":false},{"__meta":{"schema_version":3,"schema_name":"ModelParameterSchemaV3","schema_type":"Iced"},"name":"calibration_frame","label":"calibration_frame","help":"Calibration frame for Platt Scaling","required":false,"type":"Key<Frame>","default_value":null,"actual_value":null,"input_value":null,"level":"expert","values":[],"is_member_of_frames":[],"is_mutually_exclusive_with":[],"gridable":false},{"__meta":{"schema_version":3,"schema_name":"ModelParameterSchemaV3","schema_type":"Iced"},"name":"custom_metric_func","label":"custom_metric_func","help":"Reference to custom evaluation function, format: `language:keyName=funcName`","required":false,"type":"string","default_value":null,"actual_value":null,"input_value":null,"level":"secondary","values":[],"is_member_of_frames":[],"is_mutually_exclusive_with":[],"gridable":false},{"__meta":{"schema_version":3,"schema_name":"ModelParameterSchemaV3","schema_type":"Iced"},"name":"custom_distribution_func","label":"custom_distribution_func","help":"Reference to custom distribution, format: `language:keyName=funcName`","required":false,"type":"string","default_value":null,"actual_value":null,"input_value":null,"level":"secondary","values":[],"is_member_of_frames":[],"is_mutually_exclusive_with":[],"gridable":false},{"__meta":{"schema_version":3,"schema_name":"ModelParameterSchemaV3","schema_type":"Iced"},"name":"export_checkpoints_dir","label":"export_checkpoints_dir","help":"Automatically export generated models to this directory.","required":false,"type":"string","default_value":null,"actual_value":null,"input_value":null,"level":"secondary","values":[],"is_member_of_frames":[],"is_mutually_exclusive_with":[],"gridable":false},{"__meta":{"schema_version":3,"schema_name":"ModelParameterSchemaV3","schema_type":"Iced"},"name":"monotone_constraints","label":"monotone_constraints","help":"A mapping representing monotonic constraints. Use +1 to enforce an increasing constraint and -1 to specify a decreasing constraint.","required":false,"type":"KeyValue[]","default_value":null,"actual_value":null,"input_value":null,"level":"secondary","values":[],"is_member_of_frames":[],"is_mutually_exclusive_with":[],"gridable":false},{"__meta":{"schema_version":3,"schema_name":"ModelParameterSchemaV3","schema_type":"Iced"},"name":"check_constant_response","label":"check_constant_response","help":"Check if response column is constant. If enabled, then an exception is thrown if the response column is a constant value.If disabled, then model will train regardless of the response column being a constant value or not.","required":false,"type":"boolean","default_value":true,"actual_value":true,"input_value":true,"level":"expert","values":[],"is_member_of_frames":[],"is_mutually_exclusive_with":[],"gridable":false},{"__meta":{"schema_version":3,"schema_name":"ModelParameterSchemaV3","schema_type":"Iced"},"name":"gainslift_bins","label":"gainslift_bins","help":"Gains/Lift table number of bins. 0 means disabled.. Default value -1 means automatic binning.","required":false,"type":"int","default_value":-1,"actual_value":-1,"input_value":-1,"level":"secondary","values":[],"is_member_of_frames":[],"is_mutually_exclusive_with":[],"gridable":false},{"__meta":{"schema_version":3,"schema_name":"ModelParameterSchemaV3","schema_type":"Iced"},"name":"auc_type","label":"auc_type","help":"Set default multinomial AUC type.","required":false,"type":"enum","default_value":"AUTO","actual_value":"AUTO","input_value":"AUTO","level":"secondary","values":["AUTO","NONE","MACRO_OVR","WEIGHTED_OVR","MACRO_OVO","WEIGHTED_OVO"],"is_member_of_frames":[],"is_mutually_exclusive_with":[],"gridable":true}],"output":{"__meta":{"schema_version":3,"schema_name":"GBMModelOutputV3","schema_type":"GBMOutput"},"names":["Q('IMPLIED_P_E')","Q('YEARS_TO_NORMALIZATION')","Q('CLOSE_^VIX')","Q('AAII_SENT_BULLBEARSPREAD')","PCT_RET_FINAL"],"original_names":null,"column_types":["Numeric","Numeric","Numeric","Numeric","Numeric"],"domains":[null,null,null,null,null],"cross_validation_models":null,"cross_validation_predictions":null,"cross_validation_holdout_predictions_frame_id":null,"cross_validation_fold_assignment_frame_id":null,"model_category":"Regression","model_summary":{"__meta":{"schema_version":3,"schema_name":"TwoDimTableV3","schema_type":"TwoDimTable"},"name":"Model Summary","description":"","columns":[{"__meta":{"schema_version":-1,"schema_name":"ColumnSpecsBase","schema_type":"Iced"},"name":"","type":"string","format":"%s","description":""},{"__meta":{"schema_version":-1,"schema_name":"ColumnSpecsBase","schema_type":"Iced"},"name":"number_of_trees","type":"long","format":"%d","description":"Number of Trees"},{"__meta":{"schema_version":-1,"schema_name":"ColumnSpecsBase","schema_type":"Iced"},"name":"number_of_internal_trees","type":"long","format":"%d","description":"Number of Internal Trees"},{"__meta":{"schema_version":-1,"schema_name":"ColumnSpecsBase","schema_type":"Iced"},"name":"model_size_in_bytes","type":"long","format":"%d","description":"Model Size in Bytes"},{"__meta":{"schema_version":-1,"schema_name":"ColumnSpecsBase","schema_type":"Iced"},"name":"min_depth","type":"long","format":"%d","description":"Min. Depth"},{"__meta":{"schema_version":-1,"schema_name":"ColumnSpecsBase","schema_type":"Iced"},"name":"max_depth","type":"long","format":"%d","description":"Max. Depth"},{"__meta":{"schema_version":-1,"schema_name":"ColumnSpecsBase","schema_type":"Iced"},"name":"mean_depth","type":"double","format":"%.5f","description":"Mean Depth"},{"__meta":{"schema_version":-1,"schema_name":"ColumnSpecsBase","schema_type":"Iced"},"name":"min_leaves","type":"long","format":"%d","description":"Min. Leaves"},{"__meta":{"schema_version":-1,"schema_name":"ColumnSpecsBase","schema_type":"Iced"},"name":"max_leaves","type":"long","format":"%d","description":"Max. Leaves"},{"__meta":{"schema_version":-1,"schema_name":"ColumnSpecsBase","schema_type":"Iced"},"name":"mean_leaves","type":"double","format":"%.5f","description":"Mean Leaves"}],"rowcount":1,"data":[[""],[50],[50],[11853],[5],[5],[5.0],[8],[18],[14.28]]},"scoring_history":{"__meta":{"schema_version":3,"schema_name":"TwoDimTableV3","schema_type":"TwoDimTable"},"name":"Scoring History","description":"","columns":[{"__meta":{"schema_version":-1,"schema_name":"ColumnSpecsBase","schema_type":"Iced"},"name":"","type":"string","format":"%s","description":""},{"__meta":{"schema_version":-1,"schema_name":"ColumnSpecsBase","schema_type":"Iced"},"name":"timestamp","type":"string","format":"%s","description":"Timestamp"},{"__meta":{"schema_version":-1,"schema_name":"ColumnSpecsBase","schema_type":"Iced"},"name":"duration","type":"string","format":"%s","description":"Duration"},{"__meta":{"schema_version":-1,"schema_name":"ColumnSpecsBase","schema_type":"Iced"},"name":"number_of_trees","type":"long","format":"%d","description":"Number of Trees"},{"__meta":{"schema_version":-1,"schema_name":"ColumnSpecsBase","schema_type":"Iced"},"name":"training_rmse","type":"double","format":"%.5f","description":"Training RMSE"},{"__meta":{"schema_version":-1,"schema_name":"ColumnSpecsBase","schema_type":"Iced"},"name":"training_mae","type":"double","format":"%.5f","description":"Training MAE"},{"__meta":{"schema_version":-1,"schema_name":"ColumnSpecsBase","schema_type":"Iced"},"name":"training_deviance","type":"double","format":"%.5f","description":"Training Deviance"},{"__meta":{"schema_version":-1,"schema_name":"ColumnSpecsBase","schema_type":"Iced"},"name":"validation_rmse","type":"double","format":"%.5f","description":"Validation RMSE"},{"__meta":{"schema_version":-1,"schema_name":"ColumnSpecsBase","schema_type":"Iced"},"name":"validation_mae","type":"double","format":"%.5f","description":"Validation MAE"},{"__meta":{"schema_version":-1,"schema_name":"ColumnSpecsBase","schema_type":"Iced"},"name":"validation_deviance","type":"double","format":"%.5f","description":"Validation Deviance"}],"rowcount":51,"data":[["","","","","","","","","","","","","","","","","","","","","","","","","","","","","","","","","","","","","","","","","","","","","","","","","","",""],["2021-08-31 10:20:23","2021-08-31 10:20:23","2021-08-31 10:20:23","2021-08-31 10:20:23","2021-08-31 10:20:23","2021-08-31 10:20:23","2021-08-31 10:20:23","2021-08-31 10:20:23","2021-08-31 10:20:23","2021-08-31 10:20:23","2021-08-31 10:20:24","2021-08-31 10:20:24","2021-08-31 10:20:24","2021-08-31 10:20:24","2021-08-31 10:20:24","2021-08-31 10:20:24","2021-08-31 10:20:24","2021-08-31 10:20:24","2021-08-31 10:20:24","2021-08-31 10:20:24","2021-08-31 10:20:24","2021-08-31 10:20:24","2021-08-31 10:20:24","2021-08-31 10:20:24","2021-08-31 10:20:24","2021-08-31 10:20:24","2021-08-31 10:20:24","2021-08-31 10:20:24","2021-08-31 10:20:24","2021-08-31 10:20:24","2021-08-31 10:20:24","2021-08-31 10:20:24","2021-08-31 10:20:24","2021-08-31 10:20:24","2021-08-31 10:20:24","2021-08-31 10:20:24","2021-08-31 10:20:24","2021-08-31 10:20:24","2021-08-31 10:20:24","2021-08-31 10:20:24","2021-08-31 10:20:24","2021-08-31 10:20:24","2021-08-31 10:20:24","2021-08-31 10:20:24","2021-08-31 10:20:24","2021-08-31 10:20:24","2021-08-31 10:20:24","2021-08-31 10:20:24","2021-08-31 10:20:24","2021-08-31 10:20:24","2021-08-31 10:20:24"],[" 0.058 sec"," 0.235 sec"," 0.288 sec"," 0.311 sec"," 0.335 sec"," 0.355 sec"," 0.372 sec"," 0.393 sec"," 0.412 sec"," 0.432 sec"," 0.457 sec"," 0.481 sec"," 0.503 sec"," 0.522 sec"," 0.540 sec"," 0.560 sec"," 0.575 sec"," 0.593 sec"," 0.614 sec"," 0.630 sec"," 0.646 sec"," 0.660 sec"," 0.683 sec"," 0.701 sec"," 0.721 sec"," 0.738 sec"," 0.752 sec"," 0.766 sec"," 0.781 sec"," 0.795 sec"," 0.809 sec"," 0.825 sec"," 0.840 sec"," 0.853 sec"," 0.869 sec"," 0.884 sec"," 0.898 sec"," 0.911 sec"," 0.922 sec"," 0.939 sec"," 0.953 sec"," 0.968 sec"," 0.979 sec"," 0.989 sec"," 0.999 sec"," 1.009 sec"," 1.019 sec"," 1.029 sec"," 1.039 sec"," 1.048 sec"," 1.056 sec"],[0,1,2,3,4,5,6,7,8,9,10,11,12,13,14,15,16,17,18,19,20,21,22,23,24,25,26,27,28,29,30,31,32,33,34,35,36,37,38,39,40,41,42,43,44,45,46,47,48,49,50],[0.2971704917580611,0.2926256611407112,0.28805654163244726,0.2860750136297437,0.28442314820397535,0.2826476445676718,0.28033971107342454,0.2782015677140029,0.27711451196309433,0.27526783752059264,0.2736722972366673,0.27194747027060595,0.2703754653378343,0.2683538994081635,0.2666835481220731,0.2650780223781005,0.26336256559371535,0.2620013995852974,0.26038569591947813,0.25928913293417394,0.25828014225252377,0.25766214114426117,0.2573350374018006,0.25632338932929266,0.25545355369846307,0.2546266685392108,0.254446646526981,0.2536356178993072,0.25286295358415434,0.2521800445969907,0.251407931096297,0.2508724484734115,0.2502737978003237,0.25012264079525115,0.249286386472353,0.24884399829753331,0.24821234839026518,0.24781621318737612,0.24700253413346995,0.24616475089062292,0.2459470189563848,0.2454969529681331,0.24511962199168397,0.244641538224981,0.24433183728725635,0.2442215824752715,0.2439817636714045,0.24389277357562142,0.24333196517219097,0.24286338278281813,0.24249691741443202],[0.18084494524795547,0.17768287480818384,0.17526900889055375,0.17325967728878883,0.1717112011694073,0.17025440705424738,0.1694093574067396,0.16855004750070332,0.16756059430032744,0.16662215213403234,0.16614510291311066,0.1651377612033157,0.16470178226969814,0.16396864234130798,0.16328460952493665,0.1623222644242453,0.16116621662964006,0.16054743208086317,0.15960911746153894,0.15916042920865522,0.158847376924526,0.15862178196997362,0.15848285244207,0.15794914193257112,0.15759227486863814,0.15695442380815172,0.1568715613998077,0.15622720550414507,0.15598128860413035,0.1558301510368076,0.15555696994462992,0.15524118917692817,0.15501237603997198,0.1549556112249629,0.15471218103973777,0.15445024170675264,0.15428280395783858,0.15404786172166288,0.15373792984722853,0.15350881545934264,0.15334461836016813,0.1530034138160979,0.15277250993604014,0.15237349386236038,0.15192718419194784,0.15186942767277364,0.15167927741866757,0.15168172477972822,0.15123198775197702,0.15107928514923696,0.1507624357504629],[0.08831030117172785,0.08562977755803833,0.08297657117724583,0.08183891342325804,0.08089652723426052,0.07988969097965291,0.07859035360473114,0.07739611227852895,0.07679245274054396,0.07577238237326339,0.07489652627479479,0.07395542658658211,0.07310289225665043,0.07201381532756675,0.07112011483897808,0.07026635794788477,0.06935984095610401,0.06864473338465468,0.06780071063947092,0.06723085445775571,0.06670863188198392,0.06638977897904516,0.0662213214745861,0.06570167991725614,0.06525651809717355,0.06483474033137712,0.0647430959288264,0.06433102666716338,0.06393967329530219,0.06359477489294024,0.06320594781812043,0.0629369854030445,0.06263697386539731,0.06256133543839024,0.06214370248044333,0.06192333548870276,0.061609369893410384,0.06141287551853105,0.06101025186835599,0.06059708458104244,0.0604899361335323,0.060268753916637746,0.06008362908534604,0.059849482225084835,0.05969804671216631,0.05964418134672585,0.05952710100420908,0.05948368500240934,0.05921044527456036,0.05898262269671364,0.05880475495550186],[0.28639987066498124,0.28182960557157255,0.2786674804377405,0.27648984385287895,0.27477315358281,0.27299284652085143,0.27082672937954455,0.26908133568792963,0.26797554883234,0.2668370772918712,0.2656174883210602,0.26460330985944347,0.26335531414831426,0.26220204476360187,0.26124462403665166,0.26011838292199124,0.2594010995367351,0.25866349653458137,0.257911765057225,0.2573241577797813,0.2572588796426668,0.25718157938998976,0.25682919112336594,0.256777524007277,0.2564768879208492,0.255933156619905,0.2558731668187104,0.25549584602443504,0.25518887566731696,0.25517435096733776,0.25493369818843137,0.25471475457730364,0.2544383482074961,0.2542738531262572,0.2540997148902814,0.25403346436032265,0.2536727115641208,0.25356944652753566,0.2534972326371852,0.2532617400146028,0.253331204689475,0.2528497085412907,0.2524693342954575,0.25221490777819383,0.2519437033313211,0.2519031193746665,0.25179691569852664,0.25177197806240986,0.25127535935386863,0.25103309122647227,0.250844768895162],[0.18004564661881478,0.17757737331507792,0.17608321777676136,0.1747337138009105,0.17389264196776755,0.17287955877433364,0.1723450770382706,0.17184975763504123,0.17106063241016967,0.17063836279130076,0.1703711473820219,0.1698413321832197,0.16946997925064028,0.16926363673556316,0.16902883014570846,0.1683410768552128,0.16775567310657677,0.16760405448522772,0.16704421777569395,0.1669509366176225,0.1669169527341408,0.1668809700983963,0.16678465406545434,0.16669325733734644,0.16626416562824964,0.1661729172935529,0.166252372661731,0.16591269086260396,0.16579861834737755,0.165729313702914,0.16550097897099847,0.16520877877270165,0.16498565839590648,0.1649818325964263,0.16499869852568025,0.1648688746214895,0.16465702061777884,0.1646391149085682,0.16511197917439532,0.16509127091843065,0.16503827263984697,0.16500712215637378,0.16465551404389756,0.1644364471104426,0.164020331603507,0.16411167147554606,0.16397170849915096,0.1639686879003704,0.16349196189306814,0.16342284736681714,0.16327606242980586],[0.08202488591691798,0.07942792657662814,0.07765556465351846,0.07644663375378939,0.07550028592984251,0.07452509425155714,0.07334711734642106,0.07240476521560027,0.07181089477199384,0.07120202581766806,0.07055265010198855,0.07001491158857266,0.0693560214901573,0.06874991227821388,0.06824875358805148,0.06766157313395166,0.06728893044086717,0.0669068044394954,0.06651847855493324,0.06621572217707376,0.06618213115500012,0.06614236477752959,0.06596123341308244,0.06593469683530771,0.06578039403756385,0.06550178065742882,0.06547107749783561,0.06527812733574181,0.06512136226434936,0.06511394939160206,0.06499119047203022,0.06487960619937602,0.06473887303855905,0.06465519238367343,0.06456666510732229,0.06453300101490732,0.06434984459229362,0.06429746421228077,0.06426084695471121,0.06414150895522426,0.06417669926942068,0.06393297510941566,0.06374076475959145,0.06361235970556281,0.06347562964830075,0.06345518155068747,0.06340168675529093,0.06338912893745859,0.0631393062184158,0.06301761289071836,0.06292309808206724]]},"cv_scoring_history":null,"reproducibility_information_table":[{"__meta":{"schema_version":3,"schema_name":"TwoDimTableV3","schema_type":"TwoDimTable"},"name":"Node Information","description":"","columns":[{"__meta":{"schema_version":-1,"schema_name":"ColumnSpecsBase","schema_type":"Iced"},"name":"","type":"string","format":"%s","description":""},{"__meta":{"schema_version":-1,"schema_name":"ColumnSpecsBase","schema_type":"Iced"},"name":"node","type":"int","format":"%d","description":"node"},{"__meta":{"schema_version":-1,"schema_name":"ColumnSpecsBase","schema_type":"Iced"},"name":"h2o","type":"string","format":"%s","description":"h2o"},{"__meta":{"schema_version":-1,"schema_name":"ColumnSpecsBase","schema_type":"Iced"},"name":"healthy","type":"string","format":"%s","description":"healthy"},{"__meta":{"schema_version":-1,"schema_name":"ColumnSpecsBase","schema_type":"Iced"},"name":"last_ping","type":"string","format":"%s","description":"last_ping"},{"__meta":{"schema_version":-1,"schema_name":"ColumnSpecsBase","schema_type":"Iced"},"name":"num_cpus","type":"int","format":"%d","description":"num_cpus"},{"__meta":{"schema_version":-1,"schema_name":"ColumnSpecsBase","schema_type":"Iced"},"name":"sys_load","type":"double","format":"%.5f","description":"sys_load"},{"__meta":{"schema_version":-1,"schema_name":"ColumnSpecsBase","schema_type":"Iced"},"name":"mem_value_size","type":"long","format":"%d","description":"mem_value_size"},{"__meta":{"schema_version":-1,"schema_name":"ColumnSpecsBase","schema_type":"Iced"},"name":"free_mem","type":"long","format":"%d","description":"free_mem"},{"__meta":{"schema_version":-1,"schema_name":"ColumnSpecsBase","schema_type":"Iced"},"name":"pojo_mem","type":"long","format":"%d","description":"pojo_mem"},{"__meta":{"schema_version":-1,"schema_name":"ColumnSpecsBase","schema_type":"Iced"},"name":"swap_mem","type":"long","format":"%d","description":"swap_mem"},{"__meta":{"schema_version":-1,"schema_name":"ColumnSpecsBase","schema_type":"Iced"},"name":"free_disc","type":"long","format":"%d","description":"free_disc"},{"__meta":{"schema_version":-1,"schema_name":"ColumnSpecsBase","schema_type":"Iced"},"name":"max_disc","type":"long","format":"%d","description":"max_disc"},{"__meta":{"schema_version":-1,"schema_name":"ColumnSpecsBase","schema_type":"Iced"},"name":"pid","type":"int","format":"%d","description":"pid"},{"__meta":{"schema_version":-1,"schema_name":"ColumnSpecsBase","schema_type":"Iced"},"name":"num_keys","type":"int","format":"%d","description":"num_keys"},{"__meta":{"schema_version":-1,"schema_name":"ColumnSpecsBase","schema_type":"Iced"},"name":"tcps_active","type":"string","format":"%s","description":"tcps_active"},{"__meta":{"schema_version":-1,"schema_name":"ColumnSpecsBase","schema_type":"Iced"},"name":"open_fds","type":"int","format":"%d","description":"open_fds"},{"__meta":{"schema_version":-1,"schema_name":"ColumnSpecsBase","schema_type":"Iced"},"name":"rpcs_active","type":"string","format":"%s","description":"rpcs_active"},{"__meta":{"schema_version":-1,"schema_name":"ColumnSpecsBase","schema_type":"Iced"},"name":"nthreads","type":"int","format":"%d","description":"nthreads"},{"__meta":{"schema_version":-1,"schema_name":"ColumnSpecsBase","schema_type":"Iced"},"name":"is_leader","type":"string","format":"%s","description":"is_leader"},{"__meta":{"schema_version":-1,"schema_name":"ColumnSpecsBase","schema_type":"Iced"},"name":"total_mem","type":"long","format":"%d","description":"total_mem"},{"__meta":{"schema_version":-1,"schema_name":"ColumnSpecsBase","schema_type":"Iced"},"name":"max_mem","type":"long","format":"%d","description":"max_mem"},{"__meta":{"schema_version":-1,"schema_name":"ColumnSpecsBase","schema_type":"Iced"},"name":"java_version","type":"string","format":"%s","description":"java_version"},{"__meta":{"schema_version":-1,"schema_name":"ColumnSpecsBase","schema_type":"Iced"},"name":"jvm_launch_parameters","type":"string","format":"%s","description":"jvm_launch_parameters"},{"__meta":{"schema_version":-1,"schema_name":"ColumnSpecsBase","schema_type":"Iced"},"name":"os_version","type":"string","format":"%s","description":"os_version"},{"__meta":{"schema_version":-1,"schema_name":"ColumnSpecsBase","schema_type":"Iced"},"name":"machine_physical_mem","type":"long","format":"%d","description":"machine_physical_mem"},{"__meta":{"schema_version":-1,"schema_name":"ColumnSpecsBase","schema_type":"Iced"},"name":"machine_locale","type":"string","format":"%s","description":"machine_locale"}],"rowcount":1,"data":[[""],[0],["127.0.0.1:54321"],["true"],["1630419622819"],[8],[0.60836256],[0],[4265607168],[0],[0],[43806359552],[255101763584],[5836],[7],["\u0000"],[-1],["\u0000"],[8],["true"],[71303168],[4265607168],["Java 15.0.2 (from Oracle Corporation)"],["[-ea]"],["Windows 10 10.0 (amd64)"],[17059938304],["en_US"]]},{"__meta":{"schema_version":3,"schema_name":"TwoDimTableV3","schema_type":"TwoDimTable"},"name":"Cluster Configuration","description":"","columns":[{"__meta":{"schema_version":-1,"schema_name":"ColumnSpecsBase","schema_type":"Iced"},"name":"","type":"string","format":"%s","description":""},{"__meta":{"schema_version":-1,"schema_name":"ColumnSpecsBase","schema_type":"Iced"},"name":"h2o_cluster_uptime","type":"long","format":"%d","description":"H2O cluster uptime"},{"__meta":{"schema_version":-1,"schema_name":"ColumnSpecsBase","schema_type":"Iced"},"name":"h2o_cluster_timezone","type":"string","format":"%s","description":"H2O cluster timezone"},{"__meta":{"schema_version":-1,"schema_name":"ColumnSpecsBase","schema_type":"Iced"},"name":"h2o_data_parsing_timezone","type":"string","format":"%s","description":"H2O data parsing timezone"},{"__meta":{"schema_version":-1,"schema_name":"ColumnSpecsBase","schema_type":"Iced"},"name":"h2o_cluster_version","type":"string","format":"%s","description":"H2O cluster version"},{"__meta":{"schema_version":-1,"schema_name":"ColumnSpecsBase","schema_type":"Iced"},"name":"h2o_cluster_version_age","type":"string","format":"%s","description":"H2O cluster version age"},{"__meta":{"schema_version":-1,"schema_name":"ColumnSpecsBase","schema_type":"Iced"},"name":"h2o_cluster_name","type":"string","format":"%s","description":"H2O cluster name"},{"__meta":{"schema_version":-1,"schema_name":"ColumnSpecsBase","schema_type":"Iced"},"name":"h2o_cluster_total_nodes","type":"int","format":"%d","description":"H2O cluster total nodes"},{"__meta":{"schema_version":-1,"schema_name":"ColumnSpecsBase","schema_type":"Iced"},"name":"h2o_cluster_free_memory","type":"long","format":"%d","description":"H2O cluster free memory"},{"__meta":{"schema_version":-1,"schema_name":"ColumnSpecsBase","schema_type":"Iced"},"name":"h2o_cluster_total_cores","type":"int","format":"%d","description":"H2O cluster total cores"},{"__meta":{"schema_version":-1,"schema_name":"ColumnSpecsBase","schema_type":"Iced"},"name":"h2o_cluster_allowed_cores","type":"int","format":"%d","description":"H2O cluster allowed cores"},{"__meta":{"schema_version":-1,"schema_name":"ColumnSpecsBase","schema_type":"Iced"},"name":"h2o_cluster_status","type":"string","format":"%s","description":"H2O cluster status"},{"__meta":{"schema_version":-1,"schema_name":"ColumnSpecsBase","schema_type":"Iced"},"name":"h2o_internal_security","type":"string","format":"%s","description":"H2O internal security"},{"__meta":{"schema_version":-1,"schema_name":"ColumnSpecsBase","schema_type":"Iced"},"name":"h2o_api_extensions","type":"string","format":"%s","description":"H2O API Extensions"}],"rowcount":1,"data":[[""],[4027],["America/New_York"],["UTC"],["3.32.1.5"],["26 days"],["H2O_from_python_SW_epy3u3"],[1],[4265607168],[8],[8],["locked, healthly"],["false"],["Amazon S3, Algos, AutoML, Core V3, TargetEncoder, Core V4"]]},{"__meta":{"schema_version":3,"schema_name":"TwoDimTableV3","schema_type":"TwoDimTable"},"name":"Input Frames Information","description":"","columns":[{"__meta":{"schema_version":-1,"schema_name":"ColumnSpecsBase","schema_type":"Iced"},"name":"","type":"string","format":"%s","description":""},{"__meta":{"schema_version":-1,"schema_name":"ColumnSpecsBase","schema_type":"Iced"},"name":"input_frame","type":"string","format":"%s","description":"Input Frame"},{"__meta":{"schema_version":-1,"schema_name":"ColumnSpecsBase","schema_type":"Iced"},"name":"checksum","type":"long","format":"%d","description":"Checksum"},{"__meta":{"schema_version":-1,"schema_name":"ColumnSpecsBase","schema_type":"Iced"},"name":"espc","type":"string","format":"%d","description":"ESPC"}],"rowcount":3,"data":[["","",""],["training_frame","validation_frame","calibration_frame"],[-4254064514368208128,3909194810703887936,-1],["[0, 656, 1311]","[0, 647]","-1"]]}],"training_metrics":{"__meta":{"schema_version":3,"schema_name":"ModelMetricsRegressionV3","schema_type":"ModelMetricsRegression"},"model":{"__meta":{"schema_version":3,"schema_name":"ModelKeyV3","schema_type":"Key<Model>"},"name":"H2O_model","type":"Key<Model>","URL":"/3/Models/H2O_model"},"model_checksum":-5587232491633479792,"frame":{"__meta":{"schema_version":3,"schema_name":"FrameKeyV3","schema_type":"Key<Frame>"},"name":"Key_Frame__upload_bd91d9e8c350aba4cec3860c86ab4997.hex","type":"Key<Frame>","URL":"/3/Frames/Key_Frame__upload_bd91d9e8c350aba4cec3860c86ab4997.hex"},"frame_checksum":-1386163554559640766,"description":null,"model_category":"Regression","scoring_time":1630419624615,"predictions":null,"MSE":0.05880475495550186,"RMSE":0.24249691741443202,"nobs":1311,"custom_metric_name":null,"custom_metric_value":0.0,"r2":0.3341121683964098,"mean_residual_deviance":0.05880475495550186,"mae":0.1507624357504629,"rmsle":0.1947952515835702},"validation_metrics":{"__meta":{"schema_version":3,"schema_name":"ModelMetricsRegressionV3","schema_type":"ModelMetricsRegression"},"model":{"__meta":{"schema_version":3,"schema_name":"ModelKeyV3","schema_type":"Key<Model>"},"name":"H2O_model","type":"Key<Model>","URL":"/3/Models/H2O_model"},"model_checksum":-5587232491633479792,"frame":{"__meta":{"schema_version":3,"schema_name":"FrameKeyV3","schema_type":"Key<Frame>"},"name":"Key_Frame__upload_8783cde2774cbd06b211eeb13eef4e43.hex","type":"Key<Frame>","URL":"/3/Frames/Key_Frame__upload_8783cde2774cbd06b211eeb13eef4e43.hex"},"frame_checksum":-5954881766061065807,"description":null,"model_category":"Regression","scoring_time":1630419624616,"predictions":null,"MSE":0.06292309808206724,"RMSE":0.250844768895162,"nobs":647,"custom_metric_name":null,"custom_metric_value":0.0,"r2":0.2294205784286406,"mean_residual_deviance":0.06292309808206724,"mae":0.16327606242980586,"rmsle":0.20477256264464003},"cross_validation_metrics":null,"cross_validation_metrics_summary":null,"status":null,"start_time":1630419623616,"end_time":1630419624628,"run_time":1012,"default_threshold":0.5,"help":{"domains":"Domains for categorical columns", "__meta":"Metadata on this schema instance, to make it self-describing.", "help":"Help information for output fields", "training_metrics":"Training data model metrics", "cross_validation_models":"Cross-validation models (model ids)", "cross_validation_predictions":"Cross-validation predictions, one per cv model (deprecated, use cross_validation_holdout_predictions_frame_id instead)", "cross_validation_metrics_summary":"Cross-validation model metrics summary", "status":"Job status", "reproducibility_information_table":"Model reproducibility information", "variable_importances":"Variable Importances", "model_summary":"Model summary", "end_time":"End time in milliseconds", "names":"Column names", "cross_validation_fold_assignment_frame_id":"Cross-validation fold assignment (each row is assigned to one holdout fold)", "run_time":"Runtime in milliseconds", "default_threshold":"Default threshold used for predictions", "scoring_history":"Scoring history", "cross_validation_holdout_predictions_frame_id":"Cross-validation holdout predictions (full out-of-sample predictions on training data)", "init_f":"The Intercept term, the initial model function value to which trees make adjustments", "model_category":"Category of the model (e.g., Binomial)", "column_types":"Column types", "original_names":"Original column names", "start_time":"Start time in milliseconds", "cv_scoring_history":"Cross-Validation scoring history", "cross_validation_metrics":"Cross-validation model metrics", "validation_metrics":"Validation data model metrics"},"variable_importances":{"__meta":{"schema_version":3,"schema_name":"TwoDimTableV3","schema_type":"TwoDimTable"},"name":"Variable Importances","description":"","columns":[{"__meta":{"schema_version":-1,"schema_name":"ColumnSpecsBase","schema_type":"Iced"},"name":"variable","type":"string","format":"%s","description":"Variable"},{"__meta":{"schema_version":-1,"schema_name":"ColumnSpecsBase","schema_type":"Iced"},"name":"relative_importance","type":"double","format":"%5f","description":"Relative Importance"},{"__meta":{"schema_version":-1,"schema_name":"ColumnSpecsBase","schema_type":"Iced"},"name":"scaled_importance","type":"double","format":"%5f","description":"Scaled Importance"},{"__meta":{"schema_version":-1,"schema_name":"ColumnSpecsBase","schema_type":"Iced"},"name":"percentage","type":"double","format":"%5f","description":"Percentage"}],"rowcount":4,"data":[["Q('CLOSE_^VIX')","Q('AAII_SENT_BULLBEARSPREAD')","Q('IMPLIED_P_E')","Q('YEARS_TO_NORMALIZATION')"],[138.944091796875,53.09750747680664,6.028639316558838,5.517971992492676],[1.0,0.38215016407053054,0.04338895766343358,0.03971361373580032],[0.6824761188242361,0.26080836078290076,0.029611927425969246,0.027103592966893877]]},"init_f":0.05964551651183105},"compatible_frames":null}
